noise_std,total_entries,shape_mismatch_count,mismatch_ratio,avg_mse_cn_pred_cropped,median_mse_cn_pred_cropped,avg_mse_cn_app_cropped,median_mse_cn_app_cropped,avg_ch_cn_pred_full,median_ch_cn_pred_full,avg_ch_cn_app_full,median_ch_cn_app_full,avg_mse_surf_pred_true,median_mse_surf_pred_true,avg_ch_surf_pred_true,median_ch_surf_pred_true,avg_mse_surf_app_true,median_mse_surf_app_true,avg_ch_surf_app_true,median_ch_surf_app_true
0.0,10,0,0.0,1.2519014504614183e-05,1.0642268152897037e-05,0.00027210800783839385,0.00013393396552831833,7.51140870276851e-05,6.385360891738223e-05,0.0016104223237928608,0.000781934984146827,5.904167325577574e-06,5.254440588919868e-06,3.2992078991294014e-05,2.844995320899441e-05,0.00010724996729070422,5.4229155198899216e-05,0.00010305014743535372,0.00010758070604338379
0.001,10,0,0.0,2.088040538316133e-05,1.6075935038957683e-05,0.00026783753930902934,0.00013266232544944785,0.0001239518089599925,9.645561023374611e-05,0.001585744574011273,0.0007776962022283012,9.433181747389558e-06,8.40740221220693e-06,4.5308236357615805e-05,4.608885223750522e-05,0.00010531838850387058,5.2779321856438607e-05,0.00010206298633688138,0.00010573971906341737
0.005,10,5,0.5,0.0052571720889397185,0.00044822912362388144,0.00020524221424804504,0.0001032638888052477,0.007055757166160967,0.0012768367123728135,0.0012185055093489145,0.0006163949297682068,0.0020999232683750835,6.43866659072172e-05,0.0023851615147244165,0.00016988682461590042,6.649422801363475e-05,3.266496318201292e-05,9.615360065274756e-05,8.401745118182261e-05
0.01,10,7,0.7,0.006342316916423028,0.0018228251132230248,0.0002185382942445707,0.0001843543465381288,0.009098320623580295,0.006519604007373216,0.0012675378986860906,0.001068618092667074,0.0005889096424188663,0.0003279934822092507,0.0014018159191571248,0.0005299126855618503,2.957959747674584e-05,1.5017009158195251e-05,8.462067903946502e-05,7.865268612250868e-05
0.02,10,10,1.0,0.012589527947326599,0.010251773790878084,0.0005236087489356947,0.0005499190776393024,0.026999666448461766,0.020206656583097983,0.0027154916793329996,0.0028252201315207373,0.006947994809408392,0.002387511270154365,0.010573196655522388,0.00313473255445631,2.4105732425673324e-05,2.123743853094734e-05,0.00010686280651206648,9.707736862646814e-05
