noise_std,total_entries,shape_mismatch_count,mismatch_ratio,avg_mse_cn_pred_cropped,median_mse_cn_pred_cropped,avg_mse_cn_app_cropped,median_mse_cn_app_cropped,avg_ch_cn_pred_full,median_ch_cn_pred_full,avg_ch_cn_app_full,median_ch_cn_app_full,avg_mse_surf_pred_true,median_mse_surf_pred_true,avg_ch_surf_pred_true,median_ch_surf_pred_true,avg_mse_surf_app_true,median_mse_surf_app_true,avg_ch_surf_app_true,median_ch_surf_app_true
0.0,2000,8,0.004,0.00014950076125089747,1.6576048885796654e-05,0.00019948271704807514,0.00010238715544767134,0.0001773405071756168,9.94428354864489e-05,0.0011503360518857165,0.0006064242767063212,2.1924752172285715e-05,1.195223683941682e-05,7.759937802506882e-05,6.668079307003153e-05,0.00016890298960247472,0.00011004712726266075,8.714467401752215e-05,7.821614604036403e-05
0.001,2000,35,0.0175,0.00016303298725768266,1.5220454612270344e-05,0.00019789131949850782,0.00010157287962977681,0.0003507896811423527,9.125933175346243e-05,0.0011413381657553931,0.0006035719987956224,0.00010161653476610017,8.719115868848012e-06,0.00012441486530705996,4.95420150242153e-05,0.00016576371788944036,0.00010710163410612036,8.676518814908706e-05,7.788762044728706e-05
0.005,2000,768,0.384,0.0024893681748578743,0.00029054133554431137,0.00017369364178724321,0.00010803933436427779,0.004711449589993759,0.0011787855801934884,0.0010071707362975094,0.0006359144725499445,0.0011508677481097123,4.3417096899303476e-05,0.0010674201598391514,0.00015477123097391274,0.0001083010758743665,6.346064447407376e-05,8.005776961372368e-05,7.075364986091755e-05
0.01,2000,1414,0.707,0.009005002230909718,0.0037466245069381807,0.0002136859538070478,0.00018119756069023574,0.013565525348084775,0.008051599219366542,0.001217945804346492,0.0010282238211426742,0.004270373756775922,0.0008000741145338609,0.004204930219739294,0.0011662327765270572,4.7906438510100896e-05,2.3567792383308724e-05,8.019910896596296e-05,7.308931379685196e-05
0.02,2000,1866,0.933,0.0222403552626887,0.016528739642461873,0.0005813185916494481,0.000526897814478799,0.031519403328254314,0.023108436430969555,0.0030062958971777834,0.0026817245415752793,0.01202811464351307,0.00619864604939579,0.01236780296062612,0.006820780030432827,2.5470156476420144e-05,1.9748224915202996e-05,0.00010140065802597212,9.210532153675546e-05
